"ID","ITEM_FILENAME","ENCHANTMENTS_FILENAME","HasRune_U","HasRune_C","HasRune_O","HasRune_S","HasRune_R","HasRune_I","HasRune_P","HasRune_T","HasRune_A"
"1","ArchersStrappings_Unique1","","FALSE","TRUE","FALSE","FALSE","TRUE","FALSE","FALSE","FALSE","FALSE"
"2","BattleRobe","","FALSE","FALSE","FALSE","FALSE","FALSE","TRUE","FALSE","FALSE","TRUE"
"3","BeenestArmor_Unique1","","TRUE","FALSE","FALSE","FALSE","FALSE","FALSE","TRUE","FALSE","FALSE"
"4","BeenestArmor","","TRUE","FALSE","FALSE","FALSE","FALSE","FALSE","TRUE","TRUE","FALSE"
"5","SpelunkersArmor_Unique1","","TRUE","FALSE","FALSE","FALSE","FALSE","TRUE","FALSE","FALSE","FALSE"
"6","ChampionsArmor","","FALSE","FALSE","FALSE","FALSE","FALSE","FALSE","FALSE","TRUE","FALSE"
"7","DarkArmor","","FALSE","FALSE","TRUE","FALSE","FALSE","FALSE","FALSE","TRUE","FALSE"
"8","EvocationRobe_Unique1","Burning","FALSE","FALSE","FALSE","TRUE","FALSE","TRUE","FALSE","FALSE","TRUE"
"9","EvocationRobe","","FALSE","FALSE","FALSE","TRUE","FALSE","FALSE","FALSE","FALSE","TRUE"
"10","WolfArmor_Unique1","","TRUE","FALSE","FALSE","TRUE","FALSE","FALSE","FALSE","TRUE","FALSE"
"11","SnowArmor_Unique1","Chilling","FALSE","FALSE","FALSE","TRUE","FALSE","FALSE","FALSE","TRUE","FALSE"
"12","PhantomArmor_Unique1","Snowing","FALSE","FALSE","TRUE","TRUE","TRUE","FALSE","FALSE","FALSE","FALSE"
"13","FullPlateArmor_Unique1","","FALSE","FALSE","FALSE","FALSE","FALSE","TRUE","FALSE","TRUE","FALSE"
"14","GhostArmor_Unique1","FireTrail","FALSE","TRUE","FALSE","FALSE","FALSE","TRUE","TRUE","FALSE","FALSE"
"15","GhostArmor","","FALSE","TRUE","FALSE","FALSE","FALSE","FALSE","TRUE","FALSE","FALSE"
"16","GrimArmor","","FALSE","FALSE","TRUE","TRUE","FALSE","FALSE","FALSE","FALSE","FALSE"
"17","CowardsArmor","","FALSE","FALSE","FALSE","FALSE","TRUE","FALSE","FALSE","FALSE","FALSE"
"18","ChampionsArmor_Unique1","","FALSE","FALSE","FALSE","TRUE","FALSE","FALSE","FALSE","TRUE","FALSE"
"19","ScaleMail_Unique1","Swiftfooted","FALSE","TRUE","FALSE","FALSE","FALSE","TRUE","FALSE","TRUE","FALSE"
"20","ArchersStrappings","","FALSE","FALSE","FALSE","FALSE","TRUE","FALSE","FALSE","FALSE","FALSE"
"21","MercenaryArmor","","FALSE","FALSE","FALSE","TRUE","FALSE","FALSE","FALSE","TRUE","FALSE"
"22","MysteryArmor","","FALSE","FALSE","FALSE","FALSE","FALSE","FALSE","TRUE","FALSE","TRUE"
"23","OcelotArmor","","FALSE","TRUE","FALSE","FALSE","FALSE","FALSE","FALSE","FALSE","FALSE"
"24","PhantomArmor","","FALSE","FALSE","TRUE","FALSE","TRUE","FALSE","FALSE","FALSE","FALSE"
"25","FullPlateArmor","","FALSE","FALSE","FALSE","FALSE","FALSE","TRUE","FALSE","TRUE","FALSE"
"26","ReinforcedMail","","FALSE","FALSE","FALSE","FALSE","FALSE","FALSE","FALSE","TRUE","FALSE"
"27","MercenaryArmor_Unique1","","FALSE","FALSE","FALSE","TRUE","FALSE","FALSE","FALSE","TRUE","FALSE"
"28","ScaleMail","","FALSE","FALSE","FALSE","FALSE","FALSE","TRUE","FALSE","TRUE","FALSE"
"29","OcelotArmor_Unique1","","FALSE","TRUE","FALSE","FALSE","FALSE","FALSE","FALSE","TRUE","FALSE"
"30","SnowArmor","","FALSE","FALSE","FALSE","FALSE","FALSE","FALSE","FALSE","TRUE","FALSE"
"31","SoulRobe","","FALSE","FALSE","TRUE","FALSE","FALSE","FALSE","FALSE","FALSE","FALSE"
"32","SoulRobe_Unique1","","FALSE","FALSE","TRUE","FALSE","FALSE","FALSE","FALSE","TRUE","FALSE"
"33","SpelunkersArmor","","TRUE","FALSE","FALSE","FALSE","FALSE","FALSE","FALSE","FALSE","FALSE"
"34","AssassinArmor_Unique1","","FALSE","FALSE","FALSE","FALSE","FALSE","TRUE","FALSE","TRUE","FALSE"
"35","BattleRobe_Unique1","","FALSE","FALSE","FALSE","FALSE","TRUE","TRUE","FALSE","FALSE","TRUE"
"36","ReinforcedMail_Unique1","PotionFortification","FALSE","FALSE","FALSE","FALSE","FALSE","FALSE","FALSE","TRUE","TRUE"
"37","AssassinArmor","","FALSE","FALSE","FALSE","FALSE","FALSE","TRUE","FALSE","FALSE","FALSE"
"38","DarkArmor_Unique1","","FALSE","FALSE","TRUE","TRUE","FALSE","FALSE","FALSE","TRUE","FALSE"
"39","GrimArmor_Unique1","","FALSE","FALSE","TRUE","TRUE","FALSE","FALSE","FALSE","TRUE","FALSE"
"40","WolfArmor","","TRUE","FALSE","FALSE","TRUE","FALSE","FALSE","FALSE","FALSE","FALSE"
"41","BootsOfSwiftness","","FALSE","TRUE","FALSE","FALSE","FALSE","FALSE","FALSE","FALSE","FALSE"
"42","BeeNest","","TRUE","FALSE","FALSE","FALSE","FALSE","FALSE","FALSE","FALSE","FALSE"
"43","CorruptedBeacon","","FALSE","FALSE","TRUE","FALSE","FALSE","FALSE","FALSE","FALSE","FALSE"
"44","CorruptedSeeds","","FALSE","FALSE","FALSE","FALSE","FALSE","FALSE","FALSE","FALSE","TRUE"
"45","DeathCapMushroom","","FALSE","FALSE","FALSE","FALSE","FALSE","TRUE","FALSE","FALSE","FALSE"
"46","RainbowGrass","","TRUE","FALSE","FALSE","FALSE","FALSE","FALSE","FALSE","FALSE","TRUE"
"47","FireworksArrowItem","","FALSE","FALSE","FALSE","FALSE","TRUE","FALSE","FALSE","FALSE","FALSE"
"48","FishingRod","","FALSE","FALSE","FALSE","FALSE","FALSE","TRUE","FALSE","FALSE","FALSE"
"49","FlamingQuiver","","FALSE","FALSE","FALSE","FALSE","TRUE","FALSE","FALSE","FALSE","FALSE"
"50","GhostCloak","","FALSE","TRUE","FALSE","FALSE","FALSE","FALSE","FALSE","TRUE","FALSE"
"51","GolemKit","","TRUE","FALSE","FALSE","FALSE","FALSE","FALSE","FALSE","FALSE","FALSE"
"52","GongOfWeakening","","FALSE","FALSE","FALSE","TRUE","FALSE","FALSE","FALSE","FALSE","FALSE"
"53","Harvester","","FALSE","FALSE","TRUE","FALSE","FALSE","FALSE","FALSE","FALSE","FALSE"
"54","IceWand","","FALSE","FALSE","FALSE","FALSE","FALSE","FALSE","FALSE","FALSE","TRUE"
"55","IronHideAmulet","","FALSE","FALSE","FALSE","FALSE","FALSE","FALSE","FALSE","TRUE","FALSE"
"56","LightFeather","","FALSE","TRUE","FALSE","FALSE","FALSE","FALSE","FALSE","FALSE","FALSE"
"57","LightningRod","","FALSE","FALSE","FALSE","FALSE","FALSE","FALSE","FALSE","FALSE","TRUE"
"58","LoveMedallion","","FALSE","FALSE","FALSE","FALSE","FALSE","FALSE","FALSE","FALSE","TRUE"
"59","ShockPowder","","FALSE","FALSE","FALSE","TRUE","FALSE","FALSE","FALSE","TRUE","FALSE"
"60","SoulHealer","","FALSE","FALSE","TRUE","TRUE","FALSE","FALSE","FALSE","FALSE","FALSE"
"61","SoulLantern","","FALSE","FALSE","TRUE","FALSE","FALSE","FALSE","FALSE","FALSE","FALSE"
"62","TastyBone","","TRUE","FALSE","FALSE","FALSE","FALSE","FALSE","FALSE","FALSE","FALSE"
"63","TormentQuiver","","FALSE","FALSE","TRUE","FALSE","TRUE","FALSE","FALSE","FALSE","FALSE"
"64","TotemOfRegeneration","","FALSE","FALSE","FALSE","TRUE","FALSE","FALSE","FALSE","FALSE","FALSE"
"65","TotemOfShielding","","FALSE","FALSE","FALSE","TRUE","FALSE","FALSE","FALSE","TRUE","FALSE"
"66","WindHorn","","TRUE","FALSE","FALSE","TRUE","FALSE","FALSE","FALSE","FALSE","FALSE"
"67","WonderfulWheat","","TRUE","FALSE","FALSE","FALSE","FALSE","FALSE","FALSE","FALSE","FALSE"
"148","Axe","","FALSE","FALSE","FALSE","FALSE","FALSE","TRUE","FALSE","FALSE","FALSE"
"149","Battlestaff","","FALSE","FALSE","FALSE","FALSE","FALSE","TRUE","FALSE","FALSE","FALSE"
"150","Battlestaff_Unique2","Exploding","FALSE","FALSE","FALSE","FALSE","FALSE","TRUE","FALSE","FALSE","TRUE"
"151","Rapier_Unique1","BusyBee","TRUE","FALSE","FALSE","FALSE","FALSE","TRUE","TRUE","FALSE","FALSE"
"152","Claymore","","FALSE","FALSE","FALSE","FALSE","FALSE","FALSE","FALSE","TRUE","FALSE"
"153","DoubleAxe_Unique2","Exploding","FALSE","FALSE","FALSE","FALSE","FALSE","TRUE","FALSE","TRUE","TRUE"
"154","Cutlass","","FALSE","FALSE","FALSE","FALSE","FALSE","TRUE","FALSE","FALSE","FALSE"
"155","Daggers","","FALSE","FALSE","FALSE","FALSE","FALSE","TRUE","FALSE","FALSE","FALSE"
"156","Cutlass_Unique2","Rampaging","FALSE","TRUE","FALSE","FALSE","FALSE","TRUE","FALSE","FALSE","FALSE"
"157","Katana_Unique2","Smiting","FALSE","FALSE","FALSE","FALSE","FALSE","TRUE","FALSE","FALSE","TRUE"
"158","Pickaxe_Unique1","Prospector","FALSE","FALSE","FALSE","FALSE","FALSE","TRUE","FALSE","FALSE","TRUE"
"159","Sword_Unique1","Sharpness","FALSE","FALSE","FALSE","FALSE","FALSE","TRUE","FALSE","FALSE","FALSE"
"160","DoubleAxe","","FALSE","FALSE","FALSE","FALSE","FALSE","FALSE","FALSE","TRUE","TRUE"
"161","SoulKnife_Unique2","SoulSiphon","FALSE","FALSE","TRUE","FALSE","FALSE","FALSE","FALSE","FALSE","FALSE"
"162","Daggers_Unique1","Freezing","FALSE","FALSE","FALSE","FALSE","FALSE","TRUE","FALSE","TRUE","FALSE"
"163","Gauntlets_Unique3","","FALSE","TRUE","FALSE","FALSE","FALSE","TRUE","FALSE","FALSE","FALSE"
"164","Axe_Unique1","FireAspect","FALSE","FALSE","FALSE","FALSE","FALSE","TRUE","FALSE","FALSE","TRUE"
"165","Mace_Unique2","Chains","FALSE","FALSE","FALSE","FALSE","FALSE","TRUE","FALSE","FALSE","TRUE"
"166","Spear_Unique2","Looting","FALSE","FALSE","FALSE","TRUE","FALSE","FALSE","FALSE","FALSE","FALSE"
"167","Rapier_Unique2","Freezing","FALSE","FALSE","FALSE","TRUE","FALSE","TRUE","TRUE","FALSE","FALSE"
"168","SoulScythe_Unique2","Freezing","FALSE","FALSE","TRUE","TRUE","FALSE","FALSE","FALSE","FALSE","FALSE"
"169","Gauntlets","","FALSE","FALSE","FALSE","FALSE","FALSE","TRUE","FALSE","FALSE","FALSE"
"170","Glaive","","FALSE","FALSE","FALSE","TRUE","FALSE","FALSE","FALSE","FALSE","FALSE"
"171","Glaive_Unique1","Smiting","FALSE","FALSE","FALSE","TRUE","FALSE","TRUE","FALSE","FALSE","FALSE"
"172","Hammer","","FALSE","FALSE","FALSE","FALSE","FALSE","FALSE","FALSE","TRUE","FALSE"
"173","Battlestaff_Unique1","Committed","FALSE","FALSE","FALSE","FALSE","FALSE","TRUE","FALSE","FALSE","FALSE"
"174","Hammer_Unique2","GravityMelee","FALSE","FALSE","FALSE","FALSE","FALSE","FALSE","FALSE","TRUE","TRUE"
"175","Sword_Unique2","CriticalHit","FALSE","FALSE","FALSE","FALSE","FALSE","TRUE","FALSE","FALSE","FALSE"
"176","Claymore_Unique1","Leeching","FALSE","FALSE","FALSE","FALSE","FALSE","TRUE","FALSE","TRUE","FALSE"
"177","Axe_Unique2","Stunning","FALSE","FALSE","FALSE","TRUE","FALSE","TRUE","FALSE","FALSE","FALSE"
"178","SoulScythe_Unique1","Chains","FALSE","FALSE","TRUE","FALSE","FALSE","FALSE","FALSE","FALSE","TRUE"
"179","Katana","","FALSE","FALSE","FALSE","FALSE","FALSE","TRUE","FALSE","FALSE","FALSE"
"180","Mace","","FALSE","FALSE","FALSE","FALSE","FALSE","TRUE","FALSE","FALSE","FALSE"
"181","Katana_Unique1","CriticalHit","FALSE","FALSE","FALSE","FALSE","FALSE","TRUE","FALSE","FALSE","FALSE"
"182","Gauntlets_Unique2","Rampaging","FALSE","TRUE","FALSE","FALSE","FALSE","TRUE","FALSE","FALSE","FALSE"
"183","Daggers_Unique2","EnigmaResonatorMelee","FALSE","FALSE","FALSE","TRUE","FALSE","TRUE","FALSE","FALSE","FALSE"
"184","Cutlass_Unique1","Weakening","FALSE","FALSE","FALSE","TRUE","FALSE","TRUE","FALSE","FALSE","FALSE"
"185","Sickles_Unique1","PoisonedMelee","FALSE","FALSE","FALSE","FALSE","FALSE","TRUE","FALSE","FALSE","FALSE"
"186","Pickaxe","","FALSE","FALSE","FALSE","FALSE","FALSE","TRUE","FALSE","FALSE","FALSE"
"187","Rapier","","FALSE","FALSE","FALSE","FALSE","FALSE","TRUE","TRUE","FALSE","FALSE"
"188","Sickles","","FALSE","FALSE","FALSE","FALSE","FALSE","TRUE","FALSE","FALSE","FALSE"
"189","Gauntlets_Unique1","EnigmaResonatorMelee","FALSE","FALSE","FALSE","TRUE","FALSE","TRUE","FALSE","FALSE","FALSE"
"190","SoulKnife","","FALSE","FALSE","TRUE","FALSE","FALSE","FALSE","FALSE","FALSE","FALSE"
"191","SoulScythe","","FALSE","FALSE","TRUE","FALSE","FALSE","FALSE","FALSE","FALSE","FALSE"
"192","Spear","","FALSE","FALSE","FALSE","TRUE","FALSE","FALSE","FALSE","FALSE","FALSE"
"193","Hammer_Unique1","Thundering","FALSE","FALSE","FALSE","FALSE","FALSE","FALSE","FALSE","TRUE","TRUE"
"194","Mace_Unique1","RadianceMelee","FALSE","FALSE","FALSE","TRUE","FALSE","TRUE","FALSE","FALSE","FALSE"
"195","Sword","","FALSE","FALSE","FALSE","FALSE","FALSE","TRUE","FALSE","FALSE","FALSE"
"196","Sickles_Unique2","Prospector","FALSE","FALSE","FALSE","FALSE","FALSE","TRUE","FALSE","FALSE","TRUE"
"197","SoulKnife_Unique1","Committed","FALSE","FALSE","TRUE","FALSE","FALSE","TRUE","FALSE","FALSE","FALSE"
"198","Glaive_Unique2","PoisonedMelee","FALSE","FALSE","FALSE","TRUE","FALSE","FALSE","FALSE","FALSE","TRUE"
"199","Whip_Unique1","JunglePoisonMelee","FALSE","FALSE","FALSE","TRUE","FALSE","TRUE","FALSE","FALSE","FALSE"
"200","Whip","","FALSE","FALSE","FALSE","TRUE","FALSE","FALSE","FALSE","FALSE","FALSE"
"201","DoubleAxe_Unique1","Shockwave","FALSE","FALSE","FALSE","FALSE","FALSE","TRUE","FALSE","TRUE","TRUE"
"202","Spear_Unique1","Echo","FALSE","FALSE","FALSE","TRUE","FALSE","TRUE","FALSE","FALSE","FALSE"
"206","RapidCrossbow_Unique2","Accelerating","FALSE","TRUE","FALSE","FALSE","TRUE","FALSE","FALSE","FALSE","FALSE"
"207","Crossbow_Unique2","RapidFire","FALSE","TRUE","FALSE","FALSE","TRUE","FALSE","FALSE","FALSE","FALSE"
"208","DualCrossbows_Unique2","Growing","FALSE","FALSE","FALSE","FALSE","TRUE","FALSE","FALSE","FALSE","FALSE"
"209","Bow_Unique1","Growing","FALSE","FALSE","FALSE","FALSE","TRUE","FALSE","FALSE","TRUE","FALSE"
"210","Bow","","FALSE","FALSE","FALSE","FALSE","TRUE","FALSE","FALSE","FALSE","FALSE"
"211","SoulBow_Unique2","MultiShot","FALSE","FALSE","TRUE","FALSE","TRUE","FALSE","FALSE","FALSE","FALSE"
"212","BurstCrossbow","","FALSE","FALSE","FALSE","FALSE","TRUE","FALSE","TRUE","FALSE","FALSE"
"213","RapidCrossbow_Unique1","BonusShot","FALSE","FALSE","FALSE","TRUE","TRUE","FALSE","FALSE","FALSE","FALSE"
"214","BurstCrossbow_Unique2","DynamoRanged","FALSE","TRUE","FALSE","FALSE","TRUE","FALSE","TRUE","FALSE","FALSE"
"215","Crossbow","","FALSE","FALSE","FALSE","FALSE","TRUE","FALSE","FALSE","FALSE","FALSE"
"216","HeavyCrossbow_Unique1","Punch","FALSE","FALSE","FALSE","FALSE","FALSE","TRUE","FALSE","FALSE","FALSE"
"217","DualCrossbows","","FALSE","FALSE","FALSE","FALSE","TRUE","FALSE","FALSE","FALSE","FALSE"
"218","PowerBow_Unique1","Power","FALSE","FALSE","FALSE","FALSE","TRUE","TRUE","FALSE","FALSE","FALSE"
"219","ExplodingCrossbow","","FALSE","FALSE","FALSE","FALSE","FALSE","TRUE","FALSE","FALSE","FALSE"
"220","SoulCrossbow_Unique1","EnigmaResonatorMelee","FALSE","FALSE","TRUE","FALSE","FALSE","FALSE","FALSE","FALSE","FALSE"
"221","ExplodingCrossbow_Unique2","ChainReaction","FALSE","FALSE","FALSE","FALSE","FALSE","TRUE","FALSE","FALSE","FALSE"
"222","Longbow_Unique1","Supercharge","FALSE","FALSE","FALSE","TRUE","TRUE","FALSE","FALSE","FALSE","FALSE"
"223","ScatterCrossbow_Unique1","","FALSE","FALSE","FALSE","FALSE","FALSE","TRUE","FALSE","TRUE","FALSE"
"224","HeavyCrossbow","","FALSE","FALSE","FALSE","FALSE","FALSE","TRUE","FALSE","FALSE","FALSE"
"225","Huntingbow_Unique1","Infinity","TRUE","FALSE","FALSE","FALSE","TRUE","FALSE","FALSE","FALSE","FALSE"
"226","HuntingBow","","TRUE","FALSE","FALSE","FALSE","FALSE","FALSE","FALSE","FALSE","FALSE"
"227","ExplodingCrossbow_Unique1","GravityRanged","FALSE","FALSE","FALSE","FALSE","FALSE","TRUE","FALSE","FALSE","TRUE"
"228","ScatterCrossbow_Unique2","Ricochet","FALSE","FALSE","FALSE","FALSE","FALSE","TRUE","FALSE","TRUE","FALSE"
"229","Longbow","","FALSE","FALSE","FALSE","FALSE","TRUE","FALSE","FALSE","FALSE","FALSE"
"230","HuntingBow_Unique2","Power","TRUE","FALSE","FALSE","FALSE","TRUE","FALSE","FALSE","FALSE","FALSE"
"231","ShortBow_Unique2","Accelerating","FALSE","TRUE","FALSE","FALSE","TRUE","FALSE","FALSE","FALSE","FALSE"
"232","SoulBow_Unique1","TempoTheft","FALSE","TRUE","TRUE","FALSE","FALSE","FALSE","FALSE","FALSE","FALSE"
"233","PowerBow","","FALSE","FALSE","FALSE","FALSE","TRUE","TRUE","FALSE","FALSE","FALSE"
"234","Shortbow_Unique1","RapidFire","FALSE","TRUE","FALSE","FALSE","TRUE","FALSE","FALSE","FALSE","FALSE"
"235","RapidCrossbow","","FALSE","FALSE","FALSE","FALSE","TRUE","FALSE","FALSE","FALSE","FALSE"
"236","Longbow_Unique2","FuseShot","FALSE","FALSE","FALSE","FALSE","TRUE","FALSE","FALSE","FALSE","TRUE"
"237","PowerBow_Unique2","RadianceRanged","FALSE","FALSE","FALSE","TRUE","TRUE","TRUE","FALSE","FALSE","FALSE"
"238","ScatterCrossbow","","FALSE","FALSE","FALSE","FALSE","FALSE","FALSE","FALSE","TRUE","FALSE"
"239","Shortbow","","FALSE","FALSE","FALSE","FALSE","TRUE","FALSE","FALSE","FALSE","FALSE"
"240","HeavyCrossbow_Unique2","Ricochet","FALSE","FALSE","FALSE","FALSE","TRUE","TRUE","FALSE","FALSE","FALSE"
"241","SlowBow","","FALSE","FALSE","FALSE","TRUE","FALSE","FALSE","FALSE","FALSE","FALSE"
"242","SoulBow","","FALSE","FALSE","TRUE","FALSE","FALSE","FALSE","FALSE","FALSE","FALSE"
"243","SoulCrossbow","","FALSE","FALSE","TRUE","FALSE","FALSE","FALSE","FALSE","FALSE","FALSE"
"244","BurstCrossbow_Unique1","EnigmaResonatorRanged","FALSE","FALSE","TRUE","FALSE","TRUE","FALSE","TRUE","FALSE","FALSE"
"245","DualCrossbows_Unique1","Unchanting","FALSE","FALSE","FALSE","FALSE","TRUE","FALSE","FALSE","FALSE","TRUE"
"246","Trickbow_Unique1","PoisonedRanged","FALSE","FALSE","FALSE","FALSE","TRUE","FALSE","FALSE","FALSE","TRUE"
"247","TrickBow_Unique2","","FALSE","FALSE","FALSE","FALSE","TRUE","TRUE","FALSE","FALSE","FALSE"
"248","Crossbow_Unique1","Piercing","FALSE","FALSE","FALSE","FALSE","TRUE","FALSE","FALSE","FALSE","FALSE"
"249","TrickBow","Ricochet","FALSE","FALSE","FALSE","FALSE","TRUE","FALSE","FALSE","FALSE","FALSE"
"250","Bow_Unique2","BonusShot","FALSE","FALSE","FALSE","TRUE","TRUE","FALSE","FALSE","FALSE","FALSE"
"251","SoulCrossbow_Unique2","GravityRanged","FALSE","FALSE","TRUE","FALSE","FALSE","FALSE","FALSE","FALSE","TRUE"
"252","SlowBow_Unique1","","FALSE","FALSE","FALSE","TRUE","TRUE","FALSE","FALSE","FALSE","FALSE"
"262","ClimbingGear","","FALSE","FALSE","FALSE","FALSE","FALSE","FALSE","FALSE","TRUE","FALSE"
"263","MercenaryArmor_Spooky1","","FALSE","TRUE","FALSE","TRUE","FALSE","FALSE","FALSE","TRUE","FALSE"
"268","Pickaxe_Unique2","","FALSE","FALSE","FALSE","FALSE","FALSE","FALSE","FALSE","FALSE","FALSE"
"269","CowardsArmor_Unique1","","FALSE","FALSE","FALSE","FALSE","FALSE","FALSE","FALSE","FALSE","FALSE"
"284","ClimbingGear_Unique2","MultiDodge","FALSE","TRUE","FALSE","FALSE","FALSE","FALSE","FALSE","TRUE","FALSE"
"285","Sword_Spooky1","CriticalHit","FALSE","FALSE","FALSE","FALSE","FALSE","TRUE","FALSE","FALSE","FALSE"
"286","Bow_Spooky1","BonusShot","FALSE","FALSE","FALSE","TRUE","FALSE","TRUE","FALSE","FALSE","FALSE"
"287","CorruptedBeacon_Spooky1","","FALSE","FALSE","TRUE","FALSE","FALSE","FALSE","FALSE","FALSE","FALSE"
"288","EvocationRobe_Unique2","BagOfSouls","FALSE","FALSE","TRUE","TRUE","FALSE","FALSE","FALSE","FALSE","TRUE"
"289","Claymore_Unique3","DynamoMelee","FALSE","TRUE","FALSE","FALSE","FALSE","FALSE","FALSE","TRUE","FALSE"
"290","Daggers_Unique3","Swirling","FALSE","FALSE","FALSE","FALSE","FALSE","TRUE","FALSE","FALSE","FALSE"
"291","WolfArmor_Unique2","Acrobat","TRUE","TRUE","FALSE","TRUE","FALSE","FALSE","FALSE","FALSE","FALSE"
"292","HuntingBow_Unique3","DynamoRanged","TRUE","TRUE","FALSE","FALSE","FALSE","FALSE","FALSE","FALSE","FALSE"
"293","Shortbow_Unique3","WildRage","FALSE","FALSE","FALSE","TRUE","TRUE","FALSE","FALSE","FALSE","FALSE"
"294","WindBow_Unique2","RollCharge","FALSE","TRUE","FALSE","FALSE","FALSE","TRUE","FALSE","FALSE","FALSE"
"295","TempestKnife_Unique1","Committed;Rushdown","FALSE","TRUE","FALSE","FALSE","FALSE","TRUE","FALSE","FALSE","FALSE"
"296","TempestKnife","Rushdown","FALSE","TRUE","FALSE","FALSE","FALSE","FALSE","FALSE","FALSE","FALSE"
"297","WindBow","","FALSE","FALSE","FALSE","FALSE","FALSE","TRUE","FALSE","FALSE","FALSE"
"298","TempestKnife_Unique2","Freezing;Rushdown","FALSE","TRUE","FALSE","TRUE","FALSE","FALSE","FALSE","FALSE","FALSE"
"299","WindBow_Unique1","Ricochet","FALSE","FALSE","FALSE","FALSE","TRUE","TRUE","FALSE","FALSE","FALSE"
"300","Claymore_Unique2","Sharpness","FALSE","FALSE","FALSE","FALSE","FALSE","TRUE","FALSE","TRUE","FALSE"
"303","SatchelOfTheElements","","FALSE","FALSE","FALSE","FALSE","FALSE","FALSE","FALSE","FALSE","TRUE"
"304","UpdraftTome","","FALSE","FALSE","FALSE","FALSE","FALSE","FALSE","FALSE","FALSE","TRUE"
"306","ChargedRedstoneMines","","FALSE","FALSE","FALSE","FALSE","FALSE","TRUE","FALSE","FALSE","FALSE"
"309","EmeraldArmor_Unique1","EmeraldDivination;EmeraldShield","FALSE","FALSE","FALSE","FALSE","FALSE","FALSE","FALSE","TRUE","TRUE"
"310","EmeraldArmor","EmeraldDivination","FALSE","FALSE","FALSE","FALSE","FALSE","FALSE","FALSE","FALSE","TRUE"
"343","ClimbingGear_Unique1","","FALSE","FALSE","FALSE","FALSE","FALSE","FALSE","FALSE","TRUE","FALSE"
"344","Emerald_Armor_Unique2","EmeraldDivination;DeathBarter","FALSE","FALSE","FALSE","FALSE","FALSE","TRUE","FALSE","FALSE","TRUE"
"348","EnchantersTome","","FALSE","FALSE","FALSE","FALSE","FALSE","FALSE","FALSE","FALSE","TRUE"
"350","WolfArmor_Winter1","","TRUE","FALSE","TRUE","FALSE","FALSE","FALSE","FALSE","TRUE","FALSE"
"351","Claymore_Winter1","Sharpness","FALSE","FALSE","FALSE","FALSE","FALSE","TRUE","FALSE","TRUE","FALSE"
"352","SoulBow_Winter1","TempoTheft","FALSE","FALSE","TRUE","FALSE","FALSE","FALSE","FALSE","TRUE","FALSE"
"360","EnderPearl","","FALSE","FALSE","FALSE","FALSE","FALSE","FALSE","FALSE","FALSE","FALSE"
"366","TotemOfSoulProtection","","FALSE","FALSE","FALSE","FALSE","FALSE","FALSE","FALSE","FALSE","FALSE"
"374","CogCrossbow_Unique1","Piercing","FALSE","FALSE","FALSE","FALSE","TRUE","TRUE","FALSE","FALSE","FALSE"
"375","CogCrossbow","","FALSE","FALSE","FALSE","FALSE","TRUE","FALSE","FALSE","FALSE","FALSE"
"376","SproutArmor","","FALSE","TRUE","FALSE","FALSE","FALSE","FALSE","FALSE","FALSE","FALSE"
"377","PiglinArmor_Unique1","SurpriseGift","FALSE","FALSE","FALSE","TRUE","FALSE","FALSE","FALSE","FALSE","TRUE"
"378","Boneclub_Unique1","BaneOfIllagers","FALSE","FALSE","FALSE","FALSE","FALSE","TRUE","FALSE","FALSE","FALSE"
"379","TwistingVineBow_Unique1","RollCharge","FALSE","TRUE","FALSE","FALSE","TRUE","FALSE","FALSE","FALSE","FALSE"
"380","PiglinArmor","","FALSE","FALSE","FALSE","FALSE","FALSE","FALSE","FALSE","FALSE","TRUE"
"381","Chainsword","","TRUE","FALSE","FALSE","FALSE","FALSE","FALSE","FALSE","TRUE","FALSE"
"382","ThunderingQuiver","","FALSE","FALSE","FALSE","FALSE","TRUE","FALSE","FALSE","FALSE","FALSE"
"383","Boneclub","","FALSE","FALSE","FALSE","FALSE","FALSE","TRUE","FALSE","FALSE","FALSE"
"384","SpinWheel","","FALSE","FALSE","FALSE","FALSE","FALSE","TRUE","FALSE","FALSE","FALSE"
"385","NetherWartSporeGrenade","","FALSE","FALSE","FALSE","FALSE","FALSE","TRUE","FALSE","FALSE","FALSE"
"386","MobMasher","","FALSE","FALSE","FALSE","FALSE","FALSE","TRUE","FALSE","FALSE","FALSE"
"387","Chainsword_Unique1","","FALSE","TRUE","FALSE","FALSE","FALSE","FALSE","FALSE","TRUE","FALSE"
"389","SproutArmor_Unique1","Acrobat","FALSE","TRUE","FALSE","FALSE","FALSE","FALSE","FALSE","FALSE","FALSE"
"390","TwistingVineBow","","FALSE","FALSE","FALSE","FALSE","TRUE","FALSE","FALSE","FALSE","FALSE"
"422","TurtleArmour_Unique1","Flee","FALSE","TRUE","FALSE","FALSE","FALSE","FALSE","FALSE","TRUE","FALSE"
"423","Anchor","GravityMelee","FALSE","FALSE","FALSE","FALSE","FALSE","FALSE","FALSE","TRUE","FALSE"
"424","CoralBlade","","FALSE","FALSE","FALSE","FALSE","FALSE","TRUE","FALSE","FALSE","FALSE"
"425","BubbleBow","","FALSE","FALSE","FALSE","FALSE","TRUE","FALSE","FALSE","FALSE","FALSE"
"426","TurtleArmor","","FALSE","FALSE","FALSE","FALSE","FALSE","FALSE","FALSE","TRUE","FALSE"
"427","SquidArmor","","FALSE","FALSE","FALSE","FALSE","FALSE","FALSE","FALSE","TRUE","FALSE"
"428","HarpoonCrossbow","","FALSE","FALSE","FALSE","FALSE","TRUE","FALSE","FALSE","FALSE","FALSE"
"429","HeavyHarpoonQuiver","","FALSE","FALSE","FALSE","FALSE","TRUE","FALSE","FALSE","FALSE","FALSE"
"430","SpelunkersArmor_Year1","","TRUE","FALSE","FALSE","FALSE","FALSE","TRUE","FALSE","FALSE","FALSE"
"431","Cutlass_Year1","Rampaging","FALSE","TRUE","FALSE","FALSE","FALSE","TRUE","FALSE","FALSE","FALSE"
"432","TrickBow_Year1","Ricochet;WildRage","FALSE","FALSE","FALSE","FALSE","TRUE","TRUE","FALSE","FALSE","FALSE"
"437","SquidArmor_Unique1","","FALSE","TRUE","FALSE","FALSE","FALSE","FALSE","FALSE","TRUE","FALSE"
"440","HarpoonCrossbow_Unique1","","FALSE","FALSE","FALSE","TRUE","TRUE","FALSE","FALSE","FALSE","FALSE"
"441","CoralBlade_Unique1","","FALSE","FALSE","FALSE","FALSE","FALSE","TRUE","FALSE","FALSE","TRUE"
"442","GuardianEye","","FALSE","FALSE","FALSE","FALSE","FALSE","FALSE","FALSE","FALSE","TRUE"
"443","SatchelofNeed","","FALSE","FALSE","FALSE","TRUE","FALSE","FALSE","FALSE","FALSE","FALSE"
"444","SatchelofNourishment","","FALSE","FALSE","FALSE","TRUE","FALSE","FALSE","FALSE","FALSE","FALSE"
"446","Anchor_Unique1","GravityMelee;JunglePoisonMelee","FALSE","FALSE","FALSE","TRUE","FALSE","FALSE","FALSE","TRUE","FALSE"
"447","BubbleBow_Unique1","Ricochet","FALSE","FALSE","FALSE","TRUE","TRUE","FALSE","FALSE","FALSE","FALSE"
"454","VoidBow","VoidStrikeRanged","FALSE","FALSE","FALSE","FALSE","TRUE","FALSE","FALSE","FALSE","FALSE"
"455","backstabber","Backstabber","FALSE","TRUE","FALSE","FALSE","FALSE","FALSE","FALSE","FALSE","FALSE"
"456","backstabber_unique1","Echo;Backstabber","FALSE","TRUE","FALSE","FALSE","FALSE","TRUE","FALSE","FALSE","FALSE"
"457","VoidBow_Unique1","FuseShot;VoidStrikeRanged","FALSE","FALSE","FALSE","FALSE","TRUE","FALSE","FALSE","FALSE","TRUE"
"458","ShadowCrossbow","ShadowShot","FALSE","FALSE","FALSE","FALSE","TRUE","FALSE","FALSE","FALSE","FALSE"
"459","ShadowCrossbow_Unique1","ShadowShot","FALSE","TRUE","FALSE","FALSE","TRUE","FALSE","FALSE","FALSE","FALSE"
"460","ObsidianClaymore","","FALSE","FALSE","FALSE","FALSE","FALSE","FALSE","FALSE","TRUE","FALSE"
"461","ObsidianClaymore_Unique1","SharedPain","FALSE","FALSE","FALSE","FALSE","FALSE","TRUE","FALSE","TRUE","FALSE"
"462","VoidTouchedBlades","VoidStrikeMelee","FALSE","FALSE","FALSE","TRUE","FALSE","FALSE","FALSE","FALSE","FALSE"
"463","VoidTouchedBlades_Unique1","Leeching;VoidStrikeMelee","FALSE","FALSE","FALSE","TRUE","FALSE","FALSE","FALSE","FALSE","TRUE"
"465","BardsGarb","","FALSE","FALSE","FALSE","TRUE","FALSE","FALSE","FALSE","FALSE","FALSE"
"466","BardsGarb_Unique1","","FALSE","FALSE","FALSE","TRUE","FALSE","FALSE","FALSE","TRUE","FALSE"
"467","ShulkerArmor","Deflecting;ThriveUnderPressure","FALSE","FALSE","FALSE","FALSE","FALSE","TRUE","FALSE","TRUE","FALSE"
"468","EndRobes","","FALSE","FALSE","TRUE","FALSE","FALSE","FALSE","FALSE","FALSE","TRUE"
"469","EndRobes_Unique1","","FALSE","TRUE","TRUE","FALSE","FALSE","FALSE","FALSE","FALSE","TRUE"
"470","ShadowSplinter","","FALSE","FALSE","TRUE","FALSE","FALSE","FALSE","FALSE","FALSE","FALSE"
"471","TomeOfDuplication","","FALSE","FALSE","FALSE","TRUE","FALSE","FALSE","FALSE","FALSE","FALSE"
"472","LostEvocation","","TRUE","FALSE","FALSE","FALSE","FALSE","FALSE","FALSE","FALSE","FALSE"
"473","VoidQuiver","","FALSE","FALSE","FALSE","FALSE","TRUE","FALSE","FALSE","FALSE","FALSE"
"474","ShulkerArmor_Unique1","Deflecting;ThriveUnderPressure","FALSE","FALSE","FALSE","TRUE","FALSE","TRUE","FALSE","TRUE","FALSE"
"506","Glaive_Spooky2","Smiting","FALSE","FALSE","FALSE","TRUE","FALSE","TRUE","FALSE","FALSE","FALSE"
"507","SoulScythe_Spooky2","Freezing","FALSE","FALSE","TRUE","TRUE","FALSE","FALSE","FALSE","FALSE","FALSE"
"508","GrimArmour_Spooky2","","FALSE","FALSE","TRUE","TRUE","FALSE","FALSE","FALSE","TRUE","FALSE"
"509","FullPlateArmor_Spooky2","","FALSE","FALSE","FALSE","FALSE","FALSE","TRUE","FALSE","TRUE","FALSE"
"510","SlowBow_Spooky2","","FALSE","FALSE","FALSE","TRUE","TRUE","FALSE","FALSE","FALSE","FALSE"
"511","PowerBow_Spooky2","Power","FALSE","FALSE","FALSE","TRUE","TRUE","TRUE","FALSE","FALSE","FALSE"